Workbook
Name Словарь: 'Исходные данные'!$A$9:$B$16

Sheet Исходные данные
A1: Выбор площадки для строительства нового предприятия (вариант 3)
A2: Критерий | B2: Пл1 | C2: Пл2 | D2: Пл3 | E2: Пл4 | F2: Пл5 | G2: Пл6
A3: Дорожная сеть | B3: средняя | C3: плохая | D3: развитая | E3: развитая (немного лучше, чем у Пл3) | F3: средняя | G3: плохая
A4: Энергоснабжение | B4: хорошее | C4: хорошее | D4: плохое | E4: среднее | F4: очень хорошее | G4: среднее
A5: Затраты на подготовку, млн ден. ед. | B5: 3.5 | C5: 2.5 | D5: 3 | E5: 3.5 | F5: 3 | G5: 2
A7: Словесные оценки в числовом виде (шкала Харрингтона)
A8: Оценка | B8: Число
A9: плохая | B9: 0.28
A10: плохое | B10: 0.28
A11: средняя | B11: 0.5
A12: среднее | B12: 0.5
A13: развитая | B13: 0.7
A14: хорошее | B14: 0.7
A15: развитая (немного лучше, чем у Пл3) | B15: 0.75
A16: очень хорошее | B16: 0.9
A18: Диапазоны шкалы Харрингтона
A19: Качественная оценка | B19: От | C19: До
A20: очень плохо | B20: 0 | C20: 0.2
A21: плохо | B21: 0.2 | C21: 0.36
A22: удовлетворительно | B22: 0.36 | C22: 0.63
A23: хорошо | B23: 0.63 | C23: 0.8
A24: отлично | B24: 0.8 | C24: 1
A26: Баллы экспертов (пятибалльная шкала)
A27: Эксперт | B27: Дорожная сеть | C27: Энергоснабжение | D27: Затраты на подготовку
A28: Эксперт 1 | B28: 3 | C28: 3 | D28: 5
A29: Эксперт 2 | B29: 5 | C29: 3 | D29: 4
A30: Эксперт 1: наиболее важный критерий — затраты на подготовку к строительству, дорожная сеть и энергоснабжение менее важны и одинаковы между собой.
A31: Эксперт 2: наиболее важный критерий — дорожная сеть, немного менее важный — затраты на подготовку, ещё немного менее важный — энергоснабжение.

Sheet Приведение
A1: Приведение оценок к безразмерному виду
A2: Критерий | B2: Пл1 | C2: Пл2 | D2: Пл3 | E2: Пл4 | F2: Пл5 | G2: Пл6
A3: Дорожная сеть | B3: =VLOOKUP('Исходные данные'!B3,Словарь,2,FALSE) | C3: =VLOOKUP('Исходные данные'!C3,Словарь,2,FALSE) | D3: =VLOOKUP('Исходные данные'!D3,Словарь,2,FALSE) | E3: =VLOOKUP('Исходные данные'!E3,Словарь,2,FALSE) | F3: =VLOOKUP('Исходные данные'!F3,Словарь,2,FALSE) | G3: =VLOOKUP('Исходные данные'!G3,Словарь,2,FALSE)
A4: Энергоснабжение | B4: =VLOOKUP('Исходные данные'!B4,Словарь,2,FALSE) | C4: =VLOOKUP('Исходные данные'!C4,Словарь,2,FALSE) | D4: =VLOOKUP('Исходные данные'!D4,Словарь,2,FALSE) | E4: =VLOOKUP('Исходные данные'!E4,Словарь,2,FALSE) | F4: =VLOOKUP('Исходные данные'!F4,Словарь,2,FALSE) | G4: =VLOOKUP('Исходные данные'!G4,Словарь,2,FALSE)
A5: Затраты на подготовку | B5: ='Исходные данные'!B5 | C5: ='Исходные данные'!C5 | D5: ='Исходные данные'!D5 | E5: ='Исходные данные'!E5 | F5: ='Исходные данные'!F5 | G5: ='Исходные данные'!G5
A6: Безразмерные оценки
A7: Критерий | B7: Пл1 | C7: Пл2 | D7: Пл3 | E7: Пл4 | F7: Пл5 | G7: Пл6
A8: Дорожная сеть (больше — лучше) | B8: =B3/MAX($B$3:$G$3) | C8: =C3/MAX($B$3:$G$3) | D8: =D3/MAX($B$3:$G$3) | E8: =E3/MAX($B$3:$G$3) | F8: =F3/MAX($B$3:$G$3) | G8: =G3/MAX($B$3:$G$3)
A9: Энергоснабжение (больше — лучше) | B9: =B4/MAX($B$4:$G$4) | C9: =C4/MAX($B$4:$G$4) | D9: =D4/MAX($B$4:$G$4) | E9: =E4/MAX($B$4:$G$4) | F9: =F4/MAX($B$4:$G$4) | G9: =G4/MAX($B$4:$G$4)
A10: Затраты на подготовку (меньше — лучше) | B10: =MIN($B$5:$G$5)/B5 | C10: =MIN($B$5:$G$5)/C5 | D10: =MIN($B$5:$G$5)/D5 | E10: =MIN($B$5:$G$5)/E5 | F10: =MIN($B$5:$G$5)/F5 | G10: =MIN($B$5:$G$5)/G5

Sheet Веса
A1: Веса критериев по методу ранга
A2: Критерий | B2: Эксперт 1 | C2: Эксперт 2 | D2: Сумма баллов | E2: Вес критерия
A3: Дорожная сеть | B3: ='Исходные данные'!B28 | C3: ='Исходные данные'!B29 | D3: =SUM(B3:C3) | E3: =D3/SUM($D$3:$D$5)
A4: Энергоснабжение | B4: ='Исходные данные'!C28 | C4: ='Исходные данные'!C29 | D4: =SUM(B4:C4) | E4: =D4/SUM($D$3:$D$5)
A5: Затраты на подготовку | B5: ='Исходные данные'!D28 | C5: ='Исходные данные'!D29 | D5: =SUM(B5:C5) | E5: =D5/SUM($D$3:$D$5)
A6: Итого | D6: =SUM(D3:D5) | E6: =SUM(E3:E5)
A8: Вес критерия — это доля его баллов в общей сумме баллов, выставленных экспертами.

Sheet Парето
A1: Множество Парето: какая площадка кого превосходит
A2: Строка превосходит столбец («1» — превосходит по всем критериям)
B3: Пл1 | C3: Пл2 | D3: Пл3 | E3: Пл4 | F3: Пл5 | G3: Пл6
A4: Пл1 | B4: — | C4: =IF(AND(SUMPRODUCT(--(Приведение!$B$8:$B$10>=Приведение!$C$8:$C$10))=3,SUMPRODUCT(--(Приведение!$B$8:$B$10>Приведение!$C$8:$C$10))>0),1,0) | D4: =IF(AND(SUMPRODUCT(--(Приведение!$B$8:$B$10>=Приведение!$D$8:$D$10))=3,SUMPRODUCT(--(Приведение!$B$8:$B$10>Приведение!$D$8:$D$10))>0),1,0) | E4: =IF(AND(SUMPRODUCT(--(Приведение!$B$8:$B$10>=Приведение!$E$8:$E$10))=3,SUMPRODUCT(--(Приведение!$B$8:$B$10>Приведение!$E$8:$E$10))>0),1,0) | F4: =IF(AND(SUMPRODUCT(--(Приведение!$B$8:$B$10>=Приведение!$F$8:$F$10))=3,SUMPRODUCT(--(Приведение!$B$8:$B$10>Приведение!$F$8:$F$10))>0),1,0) | G4: =IF(AND(SUMPRODUCT(--(Приведение!$B$8:$B$10>=Приведение!$G$8:$G$10))=3,SUMPRODUCT(--(Приведение!$B$8:$B$10>Приведение!$G$8:$G$10))>0),1,0)
A5: Пл2 | B5: =IF(AND(SUMPRODUCT(--(Приведение!$C$8:$C$10>=Приведение!$B$8:$B$10))=3,SUMPRODUCT(--(Приведение!$C$8:$C$10>Приведение!$B$8:$B$10))>0),1,0) | C5: — | D5: =IF(AND(SUMPRODUCT(--(Приведение!$C$8:$C$10>=Приведение!$D$8:$D$10))=3,SUMPRODUCT(--(Приведение!$C$8:$C$10>Приведение!$D$8:$D$10))>0),1,0) | E5: =IF(AND(SUMPRODUCT(--(Приведение!$C$8:$C$10>=Приведение!$E$8:$E$10))=3,SUMPRODUCT(--(Приведение!$C$8:$C$10>Приведение!$E$8:$E$10))>0),1,0) | F5: =IF(AND(SUMPRODUCT(--(Приведение!$C$8:$C$10>=Приведение!$F$8:$F$10))=3,SUMPRODUCT(--(Приведение!$C$8:$C$10>Приведение!$F$8:$F$10))>0),1,0) | G5: =IF(AND(SUMPRODUCT(--(Приведение!$C$8:$C$10>=Приведение!$G$8:$G$10))=3,SUMPRODUCT(--(Приведение!$C$8:$C$10>Приведение!$G$8:$G$10))>0),1,0)
A6: Пл3 | B6: =IF(AND(SUMPRODUCT(--(Приведение!$D$8:$D$10>=Приведение!$B$8:$B$10))=3,SUMPRODUCT(--(Приведение!$D$8:$D$10>Приведение!$B$8:$B$10))>0),1,0) | C6: =IF(AND(SUMPRODUCT(--(Приведение!$D$8:$D$10>=Приведение!$C$8:$C$10))=3,SUMPRODUCT(--(Приведение!$D$8:$D$10>Приведение!$C$8:$C$10))>0),1,0) | D6: — | E6: =IF(AND(SUMPRODUCT(--(Приведение!$D$8:$D$10>=Приведение!$E$8:$E$10))=3,SUMPRODUCT(--(Приведение!$D$8:$D$10>Приведение!$E$8:$E$10))>0),1,0) | F6: =IF(AND(SUMPRODUCT(--(Приведение!$D$8:$D$10>=Приведение!$F$8:$F$10))=3,SUMPRODUCT(--(Приведение!$D$8:$D$10>Приведение!$F$8:$F$10))>0),1,0) | G6: =IF(AND(SUMPRODUCT(--(Приведение!$D$8:$D$10>=Приведение!$G$8:$G$10))=3,SUMPRODUCT(--(Приведение!$D$8:$D$10>Приведение!$G$8:$G$10))>0),1,0)
A7: Пл4 | B7: =IF(AND(SUMPRODUCT(--(Приведение!$E$8:$E$10>=Приведение!$B$8:$B$10))=3,SUMPRODUCT(--(Приведение!$E$8:$E$10>Приведение!$B$8:$B$10))>0),1,0) | C7: =IF(AND(SUMPRODUCT(--(Приведение!$E$8:$E$10>=Приведение!$C$8:$C$10))=3,SUMPRODUCT(--(Приведение!$E$8:$E$10>Приведение!$C$8:$C$10))>0),1,0) | D7: =IF(AND(SUMPRODUCT(--(Приведение!$E$8:$E$10>=Приведение!$D$8:$D$10))=3,SUMPRODUCT(--(Приведение!$E$8:$E$10>Приведение!$D$8:$D$10))>0),1,0) | E7: — | F7: =IF(AND(SUMPRODUCT(--(Приведение!$E$8:$E$10>=Приведение!$F$8:$F$10))=3,SUMPRODUCT(--(Приведение!$E$8:$E$10>Приведение!$F$8:$F$10))>0),1,0) | G7: =IF(AND(SUMPRODUCT(--(Приведение!$E$8:$E$10>=Приведение!$G$8:$G$10))=3,SUMPRODUCT(--(Приведение!$E$8:$E$10>Приведение!$G$8:$G$10))>0),1,0)
A8: Пл5 | B8: =IF(AND(SUMPRODUCT(--(Приведение!$F$8:$F$10>=Приведение!$B$8:$B$10))=3,SUMPRODUCT(--(Приведение!$F$8:$F$10>Приведение!$B$8:$B$10))>0),1,0) | C8: =IF(AND(SUMPRODUCT(--(Приведение!$F$8:$F$10>=Приведение!$C$8:$C$10))=3,SUMPRODUCT(--(Приведение!$F$8:$F$10>Приведение!$C$8:$C$10))>0),1,0) | D8: =IF(AND(SUMPRODUCT(--(Приведение!$F$8:$F$10>=Приведение!$D$8:$D$10))=3,SUMPRODUCT(--(Приведение!$F$8:$F$10>Приведение!$D$8:$D$10))>0),1,0) | E8: =IF(AND(SUMPRODUCT(--(Приведение!$F$8:$F$10>=Приведение!$E$8:$E$10))=3,SUMPRODUCT(--(Приведение!$F$8:$F$10>Приведение!$E$8:$E$10))>0),1,0) | F8: — | G8: =IF(AND(SUMPRODUCT(--(Приведение!$F$8:$F$10>=Приведение!$G$8:$G$10))=3,SUMPRODUCT(--(Приведение!$F$8:$F$10>Приведение!$G$8:$G$10))>0),1,0)
A9: Пл6 | B9: =IF(AND(SUMPRODUCT(--(Приведение!$G$8:$G$10>=Приведение!$B$8:$B$10))=3,SUMPRODUCT(--(Приведение!$G$8:$G$10>Приведение!$B$8:$B$10))>0),1,0) | C9: =IF(AND(SUMPRODUCT(--(Приведение!$G$8:$G$10>=Приведение!$C$8:$C$10))=3,SUMPRODUCT(--(Приведение!$G$8:$G$10>Приведение!$C$8:$C$10))>0),1,0) | D9: =IF(AND(SUMPRODUCT(--(Приведение!$G$8:$G$10>=Приведение!$D$8:$D$10))=3,SUMPRODUCT(--(Приведение!$G$8:$G$10>Приведение!$D$8:$D$10))>0),1,0) | E9: =IF(AND(SUMPRODUCT(--(Приведение!$G$8:$G$10>=Приведение!$E$8:$E$10))=3,SUMPRODUCT(--(Приведение!$G$8:$G$10>Приведение!$E$8:$E$10))>0),1,0) | F9: =IF(AND(SUMPRODUCT(--(Приведение!$G$8:$G$10>=Приведение!$F$8:$F$10))=3,SUMPRODUCT(--(Приведение!$G$8:$G$10>Приведение!$F$8:$F$10))>0),1,0) | G9: —
A11: Входит в множество Парето | B11: =IF(SUM(B4:B9)=0,"да","нет") | C11: =IF(SUM(C4:C9)=0,"да","нет") | D11: =IF(SUM(D4:D9)=0,"да","нет") | E11: =IF(SUM(E4:E9)=0,"да","нет") | F11: =IF(SUM(F4:F9)=0,"да","нет") | G11: =IF(SUM(G4:G9)=0,"да","нет")
A12: Результат программы | B12: нет | C12: да | D12: да | E12: да | F12: да | G12: да
A14: =IF(SUMPRODUCT(--(B11:G11=B12:G12))=6,"Совпадает: Excel отобрал те же площадки","Есть расхождения")

Sheet ЭЛЕКТРА
A1: Метод ЭЛЕКТРА: индексы согласия и несогласия
A2: Индексы согласия: сумма весов критериев, по которым строка не хуже столбца
B3: Пл2 | C3: Пл3 | D3: Пл4 | E3: Пл5 | F3: Пл6
A4: Пл2 | B4: — | C4: =SUMPRODUCT(--(Приведение!$C$8:$C$10>=Приведение!$D$8:$D$10),Веса!$E$3:$E$5) | D4: =SUMPRODUCT(--(Приведение!$C$8:$C$10>=Приведение!$E$8:$E$10),Веса!$E$3:$E$5) | E4: =SUMPRODUCT(--(Приведение!$C$8:$C$10>=Приведение!$F$8:$F$10),Веса!$E$3:$E$5) | F4: =SUMPRODUCT(--(Приведение!$C$8:$C$10>=Приведение!$G$8:$G$10),Веса!$E$3:$E$5)
A5: Пл3 | B5: =SUMPRODUCT(--(Приведение!$D$8:$D$10>=Приведение!$C$8:$C$10),Веса!$E$3:$E$5) | C5: — | D5: =SUMPRODUCT(--(Приведение!$D$8:$D$10>=Приведение!$E$8:$E$10),Веса!$E$3:$E$5) | E5: =SUMPRODUCT(--(Приведение!$D$8:$D$10>=Приведение!$F$8:$F$10),Веса!$E$3:$E$5) | F5: =SUMPRODUCT(--(Приведение!$D$8:$D$10>=Приведение!$G$8:$G$10),Веса!$E$3:$E$5)
A6: Пл4 | B6: =SUMPRODUCT(--(Приведение!$E$8:$E$10>=Приведение!$C$8:$C$10),Веса!$E$3:$E$5) | C6: =SUMPRODUCT(--(Приведение!$E$8:$E$10>=Приведение!$D$8:$D$10),Веса!$E$3:$E$5) | D6: — | E6: =SUMPRODUCT(--(Приведение!$E$8:$E$10>=Приведение!$F$8:$F$10),Веса!$E$3:$E$5) | F6: =SUMPRODUCT(--(Приведение!$E$8:$E$10>=Приведение!$G$8:$G$10),Веса!$E$3:$E$5)
A7: Пл5 | B7: =SUMPRODUCT(--(Приведение!$F$8:$F$10>=Приведение!$C$8:$C$10),Веса!$E$3:$E$5) | C7: =SUMPRODUCT(--(Приведение!$F$8:$F$10>=Приведение!$D$8:$D$10),Веса!$E$3:$E$5) | D7: =SUMPRODUCT(--(Приведение!$F$8:$F$10>=Приведение!$E$8:$E$10),Веса!$E$3:$E$5) | E7: — | F7: =SUMPRODUCT(--(Приведение!$F$8:$F$10>=Приведение!$G$8:$G$10),Веса!$E$3:$E$5)
A8: Пл6 | B8: =SUMPRODUCT(--(Приведение!$G$8:$G$10>=Приведение!$C$8:$C$10),Веса!$E$3:$E$5) | C8: =SUMPRODUCT(--(Приведение!$G$8:$G$10>=Приведение!$D$8:$D$10),Веса!$E$3:$E$5) | D8: =SUMPRODUCT(--(Приведение!$G$8:$G$10>=Приведение!$E$8:$E$10),Веса!$E$3:$E$5) | E8: =SUMPRODUCT(--(Приведение!$G$8:$G$10>=Приведение!$F$8:$F$10),Веса!$E$3:$E$5) | F8: —
A10: Индексы несогласия: наибольшее отставание строки от столбца
B11: Пл2 | C11: Пл3 | D11: Пл4 | E11: Пл5 | F11: Пл6
A12: Пл2 | B12: — | C12: =SUMPRODUCT(MAX(0,Приведение!$D$8:$D$10-Приведение!$C$8:$C$10)) | D12: =SUMPRODUCT(MAX(0,Приведение!$E$8:$E$10-Приведение!$C$8:$C$10)) | E12: =SUMPRODUCT(MAX(0,Приведение!$F$8:$F$10-Приведение!$C$8:$C$10)) | F12: =SUMPRODUCT(MAX(0,Приведение!$G$8:$G$10-Приведение!$C$8:$C$10))
A13: Пл3 | B13: =SUMPRODUCT(MAX(0,Приведение!$C$8:$C$10-Приведение!$D$8:$D$10)) | C13: — | D13: =SUMPRODUCT(MAX(0,Приведение!$E$8:$E$10-Приведение!$D$8:$D$10)) | E13: =SUMPRODUCT(MAX(0,Приведение!$F$8:$F$10-Приведение!$D$8:$D$10)) | F13: =SUMPRODUCT(MAX(0,Приведение!$G$8:$G$10-Приведение!$D$8:$D$10))
A14: Пл4 | B14: =SUMPRODUCT(MAX(0,Приведение!$C$8:$C$10-Приведение!$E$8:$E$10)) | C14: =SUMPRODUCT(MAX(0,Приведение!$D$8:$D$10-Приведение!$E$8:$E$10)) | D14: — | E14: =SUMPRODUCT(MAX(0,Приведение!$F$8:$F$10-Приведение!$E$8:$E$10)) | F14: =SUMPRODUCT(MAX(0,Приведение!$G$8:$G$10-Приведение!$E$8:$E$10))
A15: Пл5 | B15: =SUMPRODUCT(MAX(0,Приведение!$C$8:$C$10-Приведение!$F$8:$F$10)) | C15: =SUMPRODUCT(MAX(0,Приведение!$D$8:$D$10-Приведение!$F$8:$F$10)) | D15: =SUMPRODUCT(MAX(0,Приведение!$E$8:$E$10-Приведение!$F$8:$F$10)) | E15: — | F15: =SUMPRODUCT(MAX(0,Приведение!$G$8:$G$10-Приведение!$F$8:$F$10))
A16: Пл6 | B16: =SUMPRODUCT(MAX(0,Приведение!$C$8:$C$10-Приведение!$G$8:$G$10)) | C16: =SUMPRODUCT(MAX(0,Приведение!$D$8:$D$10-Приведение!$G$8:$G$10)) | D16: =SUMPRODUCT(MAX(0,Приведение!$E$8:$E$10-Приведение!$G$8:$G$10)) | E16: =SUMPRODUCT(MAX(0,Приведение!$F$8:$F$10-Приведение!$G$8:$G$10)) | F16: —

Sheet Свод
A1: Итог: сравнение расчёта программы и формул Excel
A2: Площадка | B2: Мин. индекс согласия (Excel) | C2: Мин. индекс согласия (программа) | D2: Макс. индекс несогласия (Excel) | E2: Макс. индекс несогласия (программа) | F2: Вывод Excel | G2: Вывод программы
A3: Пл2 | B3: =MIN(ЭЛЕКТРА!B4:G4) | C3: 0.391304 | D3: =MAX(ЭЛЕКТРА!B12:G12) | E3: 0.626667 | F3: =IF(AND(B3>=$B$10,D3<=$B$11),"входит в ядро","—") | G3: —
A4: Пл3 | B4: =MIN(ЭЛЕКТРА!B5:G5) | C4: 0.347826 | D4: =MAX(ЭЛЕКТРА!B13:G13) | E4: 0.688889 | F4: =IF(AND(B4>=$B$10,D4<=$B$11),"входит в ядро","—") | G4: —
A5: Пл4 | B5: =MIN(ЭЛЕКТРА!B6:G6) | C5: 0.347826 | D5: =MAX(ЭЛЕКТРА!B14:G14) | E5: 0.444444 | F5: =IF(AND(B5>=$B$10,D5<=$B$11),"входит в ядро","—") | G5: —
A6: Пл5 | B6: =MIN(ЭЛЕКТРА!B7:G7) | C6: 0.608696 | D6: =MAX(ЭЛЕКТРА!B15:G15) | E6: 0.333333 | F6: =IF(AND(B6>=$B$10,D6<=$B$11),"входит в ядро","—") | G6: входит в ядро
A7: Пл6 | B7: =MIN(ЭЛЕКТРА!B8:G8) | C7: 0.391304 | D7: =MAX(ЭЛЕКТРА!B16:G16) | E7: 0.626667 | F7: =IF(AND(B7>=$B$10,D7<=$B$11),"входит в ядро","—") | G7: —
A10: Порог индекса согласия c* | B10: 0.5
A11: Порог индекса несогласия d* | B11: 0.5
A12: Пороги можно менять прямо здесь: столбец «Вывод Excel» пересчитается сам.
A14: Проверка совпадения | B14: =IF(AND(SUMPRODUCT(--(ABS(B3:B7-C3:C7)>0.001))=0,SUMPRODUCT(--(ABS(D3:D7-E3:E7)>0.001))=0),"Совпадает: формулы Excel дают те же индексы","Есть расхождения")
A15: Ядро по расчёту программы | B15: Пл5
A17: Веса критериев (метод ранга) | C17: значение из формул Excel
A18: Дорожная сеть | B18: 0.347826 | C18: =Веса!E3
A19: Энергоснабжение | B19: 0.26087 | C19: =Веса!E4
A20: Затраты на подготовку | B20: 0.391304 | C20: =Веса!E5
